<?xml version="1.0" encoding="utf-8" ?>
<software>
    <metadata>
        <name>OW Module Forms</name>
        <version>1.0.0</version>
        <copyright>Copyright (C) 2010-2011 Franck Magnan.</copyright>
        <license>GNU General Public License v2.0</license>
        <info_url>http://projects.ez.no/owmoduleforms</info_url>
    </metadata>

    <dependencies>
        <extends>
            <extension name="ezjscore" />
        </extends>
        <extends>
            <extension name="ezwebin" />
        </extends>
    </dependencies>
</software>