<?xml version="1.0" encoding="iso-8859-1"?>
<project xmlns:ivy="antlib:org.apache.ivy.ant" name="eZExtensionBuilder-Bootstrap" default="bootstrap">

    <description>eZExtensionBuilder bootstrap file</description>

    <property name="build.xml.url" value="http://svn.projects.ez.no/ezextensionbuilder/trunk/build.xml"/>

    <property name="ivy.install.version" value="2.1.0" />

    <condition property="ivy.home" value="${env.IVY_HOME}">
      <isset property="env.IVY_HOME" />
    </condition>

    <property name="ivy.home"         value="${user.home}/.ant" />
    <property name="ivy.jar.dir"      value="${ivy.home}/lib" />
    <property name="ivy.jar.file"     value="${ivy.jar.dir}/ivy.jar" />
    <property name="ivy.download.url" value="http://repo2.maven.org/maven2/org/apache/ivy/ivy/${ivy.install.version}/ivy-${ivy.install.version}.jar"/>

    <target name="bootstrap" depends="ivy-resolve-dependencies" description="Download the real build.xml and launches it">
        <get src="${build.xml.url}" dest="build.xml"/>
        <delete file="ivy.xml"/>
    </target>

    <!-- Downloads Ivy from web site so that it            -->
    <!-- can be used even without any special installation -->
    <target name="ivy-download" unless="offline" description="Downloads Ivy">
        <mkdir dir="${ivy.jar.dir}"/>
        <get src="http://repo2.maven.org/maven2/org/apache/ivy/ivy/${ivy.install.version}/ivy-${ivy.install.version}.jar"
             dest="${ivy.jar.file}" usetimestamp="true"/>
    </target>

    <!-- try to load ivy here from ivy home, in case the user has not already dropped   -->
    <!-- it into ant's lib dir (note that the latter copy will always take precedence). -->
    <!-- We will not fail as long as local lib dir exists (it may be empty) and         -->
    <!-- ivy is in at least one of ant's lib dir or the local lib dir.                  -->
    <target name="ivy-init" depends="ivy-download" description="Install Ivy">
        <path id="ivy.lib.path">
            <fileset dir="${ivy.jar.dir}" includes="*.jar"/>
        </path>

        <taskdef resource="org/apache/ivy/ant/antlib.xml"
                 uri="antlib:org.apache.ivy.ant"
                 classpathref="ivy.lib.path"/>
    </target>

    <!-- Retrieves dependencies with Ivy -->
    <target name="ivy-resolve-dependencies" depends="ivy-init" unless="offline" description="Retrieves dependencies with ivy">
        <get src="http://svn.projects.ez.no/ezextensionbuilder/trunk/ivy.xml"
             dest="ivy.xml"
             usetimestamp="true"/>

        <ivy:resolve file="ivy.xml"/>
        <ivy:retrieve pattern="${user.home}/.ant/lib/[artifact]-[revision]-[type].[ext]"/>
    </target>

</project>