<?xml version="1.0" encoding="utf-8" ?>
<software>
    <metadata>
        <name>eZ Online Editor</name>
        <version>//autogentag//</version>
        <copyright>Copyright (C) 1999-2010 eZ Systems AS</copyright>
        <license>//EZP_LICENSE//</license>
        <info_url>http://projects.ez.no/ezoe</info_url>

        <software>
            <uses>
                <name>TinyMce Javascript HTML WYSIWYG editor</name>
                <license>GNU Lesser General Public License v2.1</license>
                <copyright>Copyright (C) 2004-2010, Moxiecode Systems AB, All rights reserved.</copyright>
                <info_url>http://tinymce.moxiecode.com/</info_url>
                <version>3.3.9.2</version>
            </uses>
            <uses>
                <name>Tango Icon theme</name>
                <license>Creative Commons Attribution-ShareAlike 2.5</license>
                <copyright>Copyright (C) 1999-2010 Tango_Icon_Library</copyright>
                <info_url>http://tango.freedesktop.org/</info_url>
                <version>0.8.90</version>
            </uses>
        </software>

    </metadata>

    <dependencies>
        <requires>
            <extension name="ezjscore" />
        </requires>
    </dependencies>

</software>