<?xml version='1.0' encoding='UTF-8'?>
<?metadataRepository class='org.eclipse.equinox.internal.p2.metadata.repository.LocalMetadataRepository' version='1.0.0'?>
<repository name='file:/home/asahli/workspace/ch.wess.ezclipse.site/ - metadata' type='org.eclipse.equinox.internal.p2.metadata.repository.LocalMetadataRepository' version='1'>
  <properties size='2'>
    <property name='p2.compressed' value='false'/>
    <property name='p2.timestamp' value='1244905300677'/>
  </properties>
  <references size='2'>
    <repository url='http://www.wess.ch' type='1' options='0'/>
    <repository url='http://www.wess.ch' type='0' options='0'/>
  </references>
  <units size='12'>
    <unit id='ch.wess.ezclipse.feature.group' version='1.0.0' singleton='false'>
      <update id='ch.wess.ezclipse.feature.group' range='[0.0.0,1.0.0)' severity='0'/>
      <properties size='4'>
        <property name='org.eclipse.equinox.p2.name' value='eZclipse'/>
        <property name='org.eclipse.equinox.p2.description' value='eZclipse is an Eclipse plug-in for supporting the CMS eZ Publish.'/>
        <property name='org.eclipse.equinox.p2.provider' value='Web Engineering Sahli &amp; Stalder'/>
        <property name='org.eclipse.equinox.p2.type.group' value='true'/>
      </properties>
      <provides size='1'>
        <provided namespace='org.eclipse.equinox.p2.iu' name='ch.wess.ezclipse.feature.group' version='1.0.0'/>
      </provides>
      <requires size='6'>
        <required namespace='org.eclipse.equinox.p2.iu' name='ch.wess.ezclipse.communcation' range='[1.0.0,1.0.0]'/>
        <required namespace='org.eclipse.equinox.p2.iu' name='ch.wess.ezclipse.core' range='[1.0.0,1.0.0]'/>
        <required namespace='org.eclipse.equinox.p2.iu' name='ch.wess.ezclipse.ini' range='[1.0.0,1.0.0]'/>
        <required namespace='org.eclipse.equinox.p2.iu' name='ch.wess.ezclipse.tpl' range='[1.0.0,1.0.0]'/>
        <required namespace='org.eclipse.equinox.p2.iu' name='ch.wess.ezclipse.varbrowser' range='[1.0.0,1.0.0]'/>
        <required namespace='org.eclipse.equinox.p2.iu' name='ch.wess.ezclipse.feature.jar' range='[1.0.0,1.0.0]'>
          <filter>
            (org.eclipse.update.install.features=true)
          </filter>
        </required>
      </requires>
      <touchpoint id='null' version='0.0.0'/>
      <copyright>
        WESS eZ Publish Eclipse plug-in&#xA;Copyright (C) 2009  Web Engineering Sahli &amp; Stalder (http://www.wess.ch)&#xA;This program is free software: you can redistribute it and/or&#xA;modify&#xA;it under the terms of the GNU General Public License as published&#xA;by&#xA;the Free Software Foundation, either version 3 of the License,&#xA;or&#xA;any later version.&#xA;This program is distributed in the hope that it will be useful,&#xA;but WITHOUT ANY WARRANTY; without even the implied warranty of&#xA;MERCHANTABILITY or FITNESS FOR A PARTICULAR PURPOSE.  See the&#xA;GNU General Public License for more details.&#xA;You should have received a copy of the GNU General Public License&#xA;along with this program.  If not, see &lt;http://www.gnu.org/licenses/&gt;
      </copyright>
    </unit>
    <unit id='ch.wess.ezclipse.ini' version='1.0.0'>
      <update id='ch.wess.ezclipse.ini' range='[0.0.0,1.0.0)' severity='0'/>
      <properties size='4'>
        <property name='df_LT.Bundle-Vendor.0' value='Web Engineering Sahli &amp; Stalder'/>
        <property name='df_LT.Bundle-Name.0' value='INI Editor Plug-in'/>
        <property name='org.eclipse.equinox.p2.name' value='%Bundle-Name.0'/>
        <property name='org.eclipse.equinox.p2.provider' value='%Bundle-Vendor.0'/>
      </properties>
      <provides size='4'>
        <provided namespace='org.eclipse.equinox.p2.iu' name='ch.wess.ezclipse.ini' version='1.0.0'/>
        <provided namespace='osgi.bundle' name='ch.wess.ezclipse.ini' version='1.0.0'/>
        <provided namespace='org.eclipse.equinox.p2.eclipse.type' name='bundle' version='1.0.0'/>
        <provided namespace='org.eclipse.equinox.p2.localization' name='df_LT' version='1.0.0'/>
      </provides>
      <requires size='12'>
        <required namespace='osgi.bundle' name='org.eclipse.ui' range='0.0.0'/>
        <required namespace='osgi.bundle' name='org.eclipse.core.runtime' range='0.0.0'/>
        <required namespace='osgi.bundle' name='ch.wess.ezclipse.core' range='1.0.0'/>
        <required namespace='osgi.bundle' name='org.eclipse.core.resources' range='3.4.2'/>
        <required namespace='java.package' name='org.eclipse.jface.text' range='0.0.0'/>
        <required namespace='java.package' name='org.eclipse.jface.text.presentation' range='0.0.0'/>
        <required namespace='java.package' name='org.eclipse.jface.text.rules' range='0.0.0'/>
        <required namespace='java.package' name='org.eclipse.jface.text.source' range='0.0.0'/>
        <required namespace='java.package' name='org.eclipse.ui.dialogs' range='0.0.0'/>
        <required namespace='java.package' name='org.eclipse.ui.editors.text' range='0.0.0'/>
        <required namespace='java.package' name='org.eclipse.ui.ide' range='0.0.0'/>
        <required namespace='java.package' name='org.eclipse.ui.texteditor' range='0.0.0'/>
      </requires>
      <artifacts size='1'>
        <artifact classifier='osgi.bundle' id='ch.wess.ezclipse.ini' version='1.0.0'/>
      </artifacts>
      <touchpoint id='org.eclipse.equinox.p2.osgi' version='1.0.0'/>
      <touchpointData size='1'>
        <instructions size='1'>
          <instruction key='manifest'>
            Bundle-ManifestVersion: 2&#xA;Bundle-RequiredExecutionEnvironment: JavaSE-1.6&#xA;Bundle-Localization: plugin&#xA;Require-Bundle: org.eclipse.ui,org.eclipse.core.runtime,ch.wess.ezclipse.core;bundle-version=&quot;1.0.0&quot;,org.eclipse.core.resources;bundle-version=&quot;3.4.2&quot;&#xA;Bundle-Activator: ch.wess.ezclipse.ini.INIActivator&#xA;Bundle-Name: %Bundle-Name.0&#xA;Bundle-Version: 1.0.0&#xA;Bundle-Vendor: %Bundle-Vendor.0&#xA;Bundle-SymbolicName: ch.wess.ezclipse.ini;singleton:=true&#xA;Import-Package: org.eclipse.jface.text,org.eclipse.jface.text.presentation,org.eclipse.jface.text.rules,org.eclipse.jface.text.source,org.eclipse.ui.dialogs,org.eclipse.ui.editors.text,org.eclipse.ui.ide,org.eclipse.ui.texteditor&#xA;Bundle-ActivationPolicy: lazy&#xA;Manifest-Version: 1.0&#xA;
          </instruction>
        </instructions>
      </touchpointData>
    </unit>
    <unit id='ch.wess.ezclipse.tpl' version='1.0.0'>
      <update id='ch.wess.ezclipse.tpl' range='[0.0.0,1.0.0)' severity='0'/>
      <properties size='2'>
        <property name='df_LT.Bundle-Name.0' value='Tpleditor Plug-in'/>
        <property name='org.eclipse.equinox.p2.name' value='%Bundle-Name.0'/>
      </properties>
      <provides size='5'>
        <provided namespace='org.eclipse.equinox.p2.iu' name='ch.wess.ezclipse.tpl' version='1.0.0'/>
        <provided namespace='osgi.bundle' name='ch.wess.ezclipse.tpl' version='1.0.0'/>
        <provided namespace='java.package' name='ch.wess.ezclipse.tpl' version='0.0.0'/>
        <provided namespace='org.eclipse.equinox.p2.eclipse.type' name='bundle' version='1.0.0'/>
        <provided namespace='org.eclipse.equinox.p2.localization' name='df_LT' version='1.0.0'/>
      </provides>
      <requires size='12'>
        <required namespace='osgi.bundle' name='org.eclipse.ui' range='0.0.0'/>
        <required namespace='osgi.bundle' name='org.eclipse.core.runtime' range='0.0.0'/>
        <required namespace='osgi.bundle' name='org.eclipse.jface.text' range='0.0.0'/>
        <required namespace='osgi.bundle' name='ch.wess.ezclipse.core' range='1.0.0'/>
        <required namespace='osgi.bundle' name='org.eclipse.core.resources' range='0.0.0'/>
        <required namespace='osgi.bundle' name='org.eclipse.ui.ide' range='0.0.0'/>
        <required namespace='java.package' name='ch.wess.ezclipse.communication' range='0.0.0'/>
        <required namespace='java.package' name='org.eclipse.core.resources' range='0.0.0'/>
        <required namespace='java.package' name='org.eclipse.jface.text' range='0.0.0'/>
        <required namespace='java.package' name='org.eclipse.ui' range='0.0.0'/>
        <required namespace='java.package' name='org.eclipse.ui.editors.text' range='0.0.0'/>
        <required namespace='java.package' name='org.eclipse.ui.texteditor' range='0.0.0'/>
      </requires>
      <artifacts size='1'>
        <artifact classifier='osgi.bundle' id='ch.wess.ezclipse.tpl' version='1.0.0'/>
      </artifacts>
      <touchpoint id='org.eclipse.equinox.p2.osgi' version='1.0.0'/>
      <touchpointData size='1'>
        <instructions size='1'>
          <instruction key='manifest'>
            Bundle-ManifestVersion: 2&#xA;Export-Package: ch.wess.ezclipse.tpl&#xA;Bundle-RequiredExecutionEnvironment: JavaSE-1.6&#xA;Bundle-Localization: plugin&#xA;Require-Bundle: org.eclipse.ui,org.eclipse.core.runtime,org.eclipse.jface.text,ch.wess.ezclipse.core;bundle-version=&quot;1.0.0&quot;,org.eclipse.core.resources,org.eclipse.ui.ide&#xA;Bundle-Activator: ch.wess.ezclipse.tpl.TPLActivator&#xA;Bundle-Name: %Bundle-Name.0&#xA;Bundle-Version: 1.0.0&#xA;Bundle-SymbolicName: ch.wess.ezclipse.tpl;singleton:=true&#xA;Import-Package: ch.wess.ezclipse.communication,org.eclipse.core.resources,org.eclipse.jface.text,org.eclipse.ui,org.eclipse.ui.editors.text,org.eclipse.ui.texteditor&#xA;Bundle-ActivationPolicy: lazy&#xA;Manifest-Version: 1.0&#xA;
          </instruction>
        </instructions>
      </touchpointData>
    </unit>
    <unit id='tooling.source.default' version='1.0.0' singleton='false'>
      <hostRequirements size='1'>
        <required namespace='org.eclipse.equinox.p2.eclipse.type' name='source' range='0.0.0' optional='true' multiple='true' greedy='false'/>
      </hostRequirements>
      <properties size='1'>
        <property name='org.eclipse.equinox.p2.type.fragment' value='true'/>
      </properties>
      <provides size='2'>
        <provided namespace='org.eclipse.equinox.p2.iu' name='tooling.source.default' version='1.0.0'/>
        <provided namespace='org.eclipse.equinox.p2.flavor' name='tooling' version='1.0.0'/>
      </provides>
      <requires size='1'>
        <required namespace='org.eclipse.equinox.p2.eclipse.type' name='source' range='0.0.0' optional='true' multiple='true' greedy='false'/>
      </requires>
      <touchpoint id='null' version='0.0.0'/>
      <touchpointData size='1'>
        <instructions size='2'>
          <instruction key='install'>
            addSourceBundle(bundle:${artifact})
          </instruction>
          <instruction key='uninstall'>
            removeSourceBundle(bundle:${artifact})
          </instruction>
        </instructions>
      </touchpointData>
    </unit>
    <unit id='ch.wess.ezclipse.core' version='1.0.0'>
      <update id='ch.wess.ezclipse.core' range='[0.0.0,1.0.0)' severity='0'/>
      <properties size='4'>
        <property name='df_LT.Bundle-Vendor.0' value='Web Engineering Sahli &amp; Stalder'/>
        <property name='df_LT.Bundle-Name.0' value='eZclipse Common Plug-in'/>
        <property name='org.eclipse.equinox.p2.name' value='%Bundle-Name.0'/>
        <property name='org.eclipse.equinox.p2.provider' value='%Bundle-Vendor.0'/>
      </properties>
      <provides size='7'>
        <provided namespace='org.eclipse.equinox.p2.iu' name='ch.wess.ezclipse.core' version='1.0.0'/>
        <provided namespace='osgi.bundle' name='ch.wess.ezclipse.core' version='1.0.0'/>
        <provided namespace='java.package' name='ch.wess.ezclipse.core' version='0.0.0'/>
        <provided namespace='java.package' name='org.apache.axis.client' version='0.0.0'/>
        <provided namespace='java.package' name='org.apache.axis.encoding.ser' version='0.0.0'/>
        <provided namespace='org.eclipse.equinox.p2.eclipse.type' name='bundle' version='1.0.0'/>
        <provided namespace='org.eclipse.equinox.p2.localization' name='df_LT' version='1.0.0'/>
      </provides>
      <requires size='5'>
        <required namespace='osgi.bundle' name='org.eclipse.core.runtime' range='0.0.0'/>
        <required namespace='osgi.bundle' name='org.eclipse.ui' range='3.4.2'/>
        <required namespace='java.package' name='org.eclipse.core.resources' range='0.0.0'/>
        <required namespace='java.package' name='org.eclipse.swt.graphics' range='0.0.0'/>
        <required namespace='java.package' name='org.eclipse.swt.widgets' range='0.0.0'/>
      </requires>
      <artifacts size='1'>
        <artifact classifier='osgi.bundle' id='ch.wess.ezclipse.core' version='1.0.0'/>
      </artifacts>
      <touchpoint id='org.eclipse.equinox.p2.osgi' version='1.0.0'/>
      <touchpointData size='1'>
        <instructions size='1'>
          <instruction key='manifest'>
            Bundle-Name: %Bundle-Name.0&#xA;Bundle-ClassPath: lib/axis-ant.jar,lib/axis.jar,lib/commons-discovery-0.2.jar,lib/commons-logging-1.0.4.jar,lib/jaxrpc.jar,lib/log4j-1.2.8.jar,.,lib/activation.jar,lib/mailapi.jar&#xA;Bundle-Version: 1.0.0&#xA;Import-Package: org.eclipse.core.resources,org.eclipse.swt.graphics,org.eclipse.swt.widgets&#xA;Bundle-Activator: ch.wess.ezclipse.core.CoreActivator&#xA;Bundle-Vendor: %Bundle-Vendor.0&#xA;Require-Bundle: org.eclipse.core.runtime,org.eclipse.ui;bundle-version=&quot;3.4.2&quot;&#xA;Export-Package: ch.wess.ezclipse.core,org.apache.axis.client,org.apache.axis.encoding.ser&#xA;Bundle-SymbolicName: ch.wess.ezclipse.core;singleton:=true&#xA;Manifest-Version: 1.0&#xA;Bundle-ActivationPolicy: lazy&#xA;Bundle-ManifestVersion: 2&#xA;Bundle-RequiredExecutionEnvironment: JavaSE-1.6&#xA;Bundle-Localization: plugin&#xA;
          </instruction>
        </instructions>
      </touchpointData>
    </unit>
    <unit id='tooling.osgi.bundle.default' version='1.0.0' singleton='false'>
      <hostRequirements size='1'>
        <required namespace='org.eclipse.equinox.p2.eclipse.type' name='bundle' range='0.0.0' multiple='true' greedy='false'/>
      </hostRequirements>
      <properties size='1'>
        <property name='org.eclipse.equinox.p2.type.fragment' value='true'/>
      </properties>
      <provides size='2'>
        <provided namespace='org.eclipse.equinox.p2.iu' name='tooling.osgi.bundle.default' version='1.0.0'/>
        <provided namespace='org.eclipse.equinox.p2.flavor' name='tooling' version='1.0.0'/>
      </provides>
      <requires size='1'>
        <required namespace='org.eclipse.equinox.p2.eclipse.type' name='bundle' range='0.0.0' multiple='true' greedy='false'/>
      </requires>
      <touchpoint id='null' version='0.0.0'/>
      <touchpointData size='1'>
        <instructions size='4'>
          <instruction key='install'>
            installBundle(bundle:${artifact})
          </instruction>
          <instruction key='uninstall'>
            uninstallBundle(bundle:${artifact})
          </instruction>
          <instruction key='unconfigure'>

          </instruction>
          <instruction key='configure'>
            setStartLevel(startLevel:4);
          </instruction>
        </instructions>
      </touchpointData>
    </unit>
    <unit id='tooling.org.eclipse.update.feature.default' version='1.0.0' singleton='false'>
      <hostRequirements size='1'>
        <required namespace='org.eclipse.equinox.p2.eclipse.type' name='feature' range='0.0.0' optional='true' multiple='true' greedy='false'/>
      </hostRequirements>
      <properties size='1'>
        <property name='org.eclipse.equinox.p2.type.fragment' value='true'/>
      </properties>
      <provides size='2'>
        <provided namespace='org.eclipse.equinox.p2.iu' name='tooling.org.eclipse.update.feature.default' version='1.0.0'/>
        <provided namespace='org.eclipse.equinox.p2.flavor' name='tooling' version='1.0.0'/>
      </provides>
      <requires size='1'>
        <required namespace='org.eclipse.equinox.p2.eclipse.type' name='feature' range='0.0.0' optional='true' multiple='true' greedy='false'/>
      </requires>
      <filter>
        (org.eclipse.update.install.features=true)
      </filter>
      <touchpoint id='null' version='0.0.0'/>
      <touchpointData size='1'>
        <instructions size='2'>
          <instruction key='install'>
            installFeature(feature:${artifact},featureId:default,featureVersion:default)
          </instruction>
          <instruction key='uninstall'>
            uninstallFeature(feature:${artifact},featureId:default,featureVersion:default)
          </instruction>
        </instructions>
      </touchpointData>
    </unit>
    <unit id='ch.wess.ezclipse.communcation' version='1.0.0'>
      <update id='ch.wess.ezclipse.communcation' range='[0.0.0,1.0.0)' severity='0'/>
      <properties size='4'>
        <property name='df_LT.Bundle-Vendor.0' value='Web Engineering Sahli &amp; Stalder'/>
        <property name='df_LT.Bundle-Name.0' value='eZclipse Communcation Plug-in'/>
        <property name='org.eclipse.equinox.p2.name' value='%Bundle-Name.0'/>
        <property name='org.eclipse.equinox.p2.provider' value='%Bundle-Vendor.0'/>
      </properties>
      <provides size='5'>
        <provided namespace='org.eclipse.equinox.p2.iu' name='ch.wess.ezclipse.communcation' version='1.0.0'/>
        <provided namespace='osgi.bundle' name='ch.wess.ezclipse.communcation' version='1.0.0'/>
        <provided namespace='java.package' name='ch.wess.ezclipse.communication' version='0.0.0'/>
        <provided namespace='org.eclipse.equinox.p2.eclipse.type' name='bundle' version='1.0.0'/>
        <provided namespace='org.eclipse.equinox.p2.localization' name='df_LT' version='1.0.0'/>
      </provides>
      <requires size='6'>
        <required namespace='osgi.bundle' name='org.eclipse.ui' range='3.4.2'/>
        <required namespace='osgi.bundle' name='org.eclipse.core.runtime' range='3.4.0'/>
        <required namespace='java.package' name='ch.wess.ezclipse.core' range='0.0.0'/>
        <required namespace='java.package' name='org.apache.axis.client' range='0.0.0'/>
        <required namespace='java.package' name='org.eclipse.core.resources' range='0.0.0'/>
        <required namespace='java.package' name='org.osgi.framework' range='0.0.0'/>
      </requires>
      <artifacts size='1'>
        <artifact classifier='osgi.bundle' id='ch.wess.ezclipse.communcation' version='1.0.0'/>
      </artifacts>
      <touchpoint id='org.eclipse.equinox.p2.osgi' version='1.0.0'/>
      <touchpointData size='1'>
        <instructions size='1'>
          <instruction key='manifest'>
            Bundle-ManifestVersion: 2&#xA;Export-Package: ch.wess.ezclipse.communication&#xA;Bundle-RequiredExecutionEnvironment: JavaSE-1.6&#xA;Bundle-Localization: plugin&#xA;Require-Bundle: org.eclipse.ui;bundle-version=&quot;3.4.2&quot;,org.eclipse.core.runtime;bundle-version=&quot;3.4.0&quot;&#xA;Bundle-Name: %Bundle-Name.0&#xA;Bundle-Version: 1.0.0&#xA;Bundle-Vendor: %Bundle-Vendor.0&#xA;Bundle-SymbolicName: ch.wess.ezclipse.communcation;singleton:=true&#xA;Import-Package: ch.wess.ezclipse.core,org.apache.axis.client,org.eclipse.core.resources,org.osgi.framework&#xA;Bundle-ClassPath: .&#xA;Manifest-Version: 1.0&#xA;
          </instruction>
        </instructions>
      </touchpointData>
    </unit>
    <unit id='config.a.jre' version='1.6.0' singleton='false'>
      <hostRequirements size='1'>
        <required namespace='org.eclipse.equinox.p2.iu' name='a.jre' range='1.6.0'/>
      </hostRequirements>
      <properties size='1'>
        <property name='org.eclipse.equinox.p2.type.fragment' value='true'/>
      </properties>
      <provides size='1'>
        <provided namespace='org.eclipse.equinox.p2.iu' name='config.a.jre' version='1.6.0'/>
      </provides>
      <requires size='1'>
        <required namespace='org.eclipse.equinox.p2.iu' name='a.jre' range='1.6.0'/>
      </requires>
      <touchpoint id='org.eclipse.equinox.p2.native' version='1.0.0'/>
      <touchpointData size='1'>
        <instructions size='1'>
          <instruction key='install'>

          </instruction>
        </instructions>
      </touchpointData>
    </unit>
    <unit id='ch.wess.ezclipse.feature.jar' version='1.0.0'>
      <update id='ch.wess.ezclipse.feature.jar' range='[0.0.0,1.0.0)' severity='0'/>
      <properties size='3'>
        <property name='org.eclipse.equinox.p2.name' value='eZclipse'/>
        <property name='org.eclipse.equinox.p2.description' value='eZclipse is an Eclipse plug-in for supporting the CMS eZ Publish.'/>
        <property name='org.eclipse.equinox.p2.provider' value='Web Engineering Sahli &amp; Stalder'/>
      </properties>
      <provides size='3'>
        <provided namespace='org.eclipse.equinox.p2.iu' name='ch.wess.ezclipse.feature.jar' version='1.0.0'/>
        <provided namespace='org.eclipse.equinox.p2.eclipse.type' name='feature' version='1.0.0'/>
        <provided namespace='org.eclipse.update.feature' name='ch.wess.ezclipse' version='1.0.0'/>
      </provides>
      <filter>
        (org.eclipse.update.install.features=true)
      </filter>
      <artifacts size='1'>
        <artifact classifier='org.eclipse.update.feature' id='ch.wess.ezclipse' version='1.0.0'/>
      </artifacts>
      <touchpoint id='org.eclipse.equinox.p2.osgi' version='1.0.0'/>
      <touchpointData size='1'>
        <instructions size='1'>
          <instruction key='zipped'>
            true
          </instruction>
        </instructions>
      </touchpointData>
      <copyright>
        WESS eZ Publish Eclipse plug-in&#xA;Copyright (C) 2009  Web Engineering Sahli &amp; Stalder (http://www.wess.ch)&#xA;This program is free software: you can redistribute it and/or&#xA;modify&#xA;it under the terms of the GNU General Public License as published&#xA;by&#xA;the Free Software Foundation, either version 3 of the License,&#xA;or&#xA;any later version.&#xA;This program is distributed in the hope that it will be useful,&#xA;but WITHOUT ANY WARRANTY; without even the implied warranty of&#xA;MERCHANTABILITY or FITNESS FOR A PARTICULAR PURPOSE.  See the&#xA;GNU General Public License for more details.&#xA;You should have received a copy of the GNU General Public License&#xA;along with this program.  If not, see &lt;http://www.gnu.org/licenses/&gt;
      </copyright>
    </unit>
    <unit id='a.jre' version='1.6.0' singleton='false'>
      <provides size='117'>
        <provided namespace='org.eclipse.equinox.p2.iu' name='a.jre' version='1.6.0'/>
        <provided namespace='java.package' name='javax.accessibility' version='0.0.0'/>
        <provided namespace='java.package' name='javax.activity' version='0.0.0'/>
        <provided namespace='java.package' name='javax.crypto' version='0.0.0'/>
        <provided namespace='java.package' name='javax.crypto.interfaces' version='0.0.0'/>
        <provided namespace='java.package' name='javax.crypto.spec' version='0.0.0'/>
        <provided namespace='java.package' name='javax.imageio' version='0.0.0'/>
        <provided namespace='java.package' name='javax.imageio.event' version='0.0.0'/>
        <provided namespace='java.package' name='javax.imageio.metadata' version='0.0.0'/>
        <provided namespace='java.package' name='javax.imageio.plugins.bmp' version='0.0.0'/>
        <provided namespace='java.package' name='javax.imageio.plugins.jpeg' version='0.0.0'/>
        <provided namespace='java.package' name='javax.imageio.spi' version='0.0.0'/>
        <provided namespace='java.package' name='javax.imageio.stream' version='0.0.0'/>
        <provided namespace='java.package' name='javax.management' version='0.0.0'/>
        <provided namespace='java.package' name='javax.management.loading' version='0.0.0'/>
        <provided namespace='java.package' name='javax.management.modelmbean' version='0.0.0'/>
        <provided namespace='java.package' name='javax.management.monitor' version='0.0.0'/>
        <provided namespace='java.package' name='javax.management.openmbean' version='0.0.0'/>
        <provided namespace='java.package' name='javax.management.relation' version='0.0.0'/>
        <provided namespace='java.package' name='javax.management.remote' version='0.0.0'/>
        <provided namespace='java.package' name='javax.management.remote.rmi' version='0.0.0'/>
        <provided namespace='java.package' name='javax.management.timer' version='0.0.0'/>
        <provided namespace='java.package' name='javax.naming' version='0.0.0'/>
        <provided namespace='java.package' name='javax.naming.directory' version='0.0.0'/>
        <provided namespace='java.package' name='javax.naming.event' version='0.0.0'/>
        <provided namespace='java.package' name='javax.naming.ldap' version='0.0.0'/>
        <provided namespace='java.package' name='javax.naming.spi' version='0.0.0'/>
        <provided namespace='java.package' name='javax.net' version='0.0.0'/>
        <provided namespace='java.package' name='javax.net.ssl' version='0.0.0'/>
        <provided namespace='java.package' name='javax.print' version='0.0.0'/>
        <provided namespace='java.package' name='javax.print.attribute' version='0.0.0'/>
        <provided namespace='java.package' name='javax.print.attribute.standard' version='0.0.0'/>
        <provided namespace='java.package' name='javax.print.event' version='0.0.0'/>
        <provided namespace='java.package' name='javax.rmi' version='0.0.0'/>
        <provided namespace='java.package' name='javax.rmi.CORBA' version='0.0.0'/>
        <provided namespace='java.package' name='javax.rmi.ssl' version='0.0.0'/>
        <provided namespace='java.package' name='javax.security.auth' version='0.0.0'/>
        <provided namespace='java.package' name='javax.security.auth.callback' version='0.0.0'/>
        <provided namespace='java.package' name='javax.security.auth.kerberos' version='0.0.0'/>
        <provided namespace='java.package' name='javax.security.auth.login' version='0.0.0'/>
        <provided namespace='java.package' name='javax.security.auth.spi' version='0.0.0'/>
        <provided namespace='java.package' name='javax.security.auth.x500' version='0.0.0'/>
        <provided namespace='java.package' name='javax.security.cert' version='0.0.0'/>
        <provided namespace='java.package' name='javax.security.sasl' version='0.0.0'/>
        <provided namespace='java.package' name='javax.sound.midi' version='0.0.0'/>
        <provided namespace='java.package' name='javax.sound.midi.spi' version='0.0.0'/>
        <provided namespace='java.package' name='javax.sound.sampled' version='0.0.0'/>
        <provided namespace='java.package' name='javax.sound.sampled.spi' version='0.0.0'/>
        <provided namespace='java.package' name='javax.sql' version='0.0.0'/>
        <provided namespace='java.package' name='javax.sql.rowset' version='0.0.0'/>
        <provided namespace='java.package' name='javax.sql.rowset.serial' version='0.0.0'/>
        <provided namespace='java.package' name='javax.sql.rowset.spi' version='0.0.0'/>
        <provided namespace='java.package' name='javax.swing' version='0.0.0'/>
        <provided namespace='java.package' name='javax.swing.border' version='0.0.0'/>
        <provided namespace='java.package' name='javax.swing.colorchooser' version='0.0.0'/>
        <provided namespace='java.package' name='javax.swing.event' version='0.0.0'/>
        <provided namespace='java.package' name='javax.swing.filechooser' version='0.0.0'/>
        <provided namespace='java.package' name='javax.swing.plaf' version='0.0.0'/>
        <provided namespace='java.package' name='javax.swing.plaf.basic' version='0.0.0'/>
        <provided namespace='java.package' name='javax.swing.plaf.metal' version='0.0.0'/>
        <provided namespace='java.package' name='javax.swing.plaf.multi' version='0.0.0'/>
        <provided namespace='java.package' name='javax.swing.plaf.synth' version='0.0.0'/>
        <provided namespace='java.package' name='javax.swing.table' version='0.0.0'/>
        <provided namespace='java.package' name='javax.swing.text' version='0.0.0'/>
        <provided namespace='java.package' name='javax.swing.text.html' version='0.0.0'/>
        <provided namespace='java.package' name='javax.swing.text.html.parser' version='0.0.0'/>
        <provided namespace='java.package' name='javax.swing.text.rtf' version='0.0.0'/>
        <provided namespace='java.package' name='javax.swing.tree' version='0.0.0'/>
        <provided namespace='java.package' name='javax.swing.undo' version='0.0.0'/>
        <provided namespace='java.package' name='javax.transaction' version='0.0.0'/>
        <provided namespace='java.package' name='javax.transaction.xa' version='0.0.0'/>
        <provided namespace='java.package' name='javax.xml' version='0.0.0'/>
        <provided namespace='java.package' name='javax.xml.datatype' version='0.0.0'/>
        <provided namespace='java.package' name='javax.xml.namespace' version='0.0.0'/>
        <provided namespace='java.package' name='javax.xml.parsers' version='0.0.0'/>
        <provided namespace='java.package' name='javax.xml.transform' version='0.0.0'/>
        <provided namespace='java.package' name='javax.xml.transform.dom' version='0.0.0'/>
        <provided namespace='java.package' name='javax.xml.transform.sax' version='0.0.0'/>
        <provided namespace='java.package' name='javax.xml.transform.stream' version='0.0.0'/>
        <provided namespace='java.package' name='javax.xml.validation' version='0.0.0'/>
        <provided namespace='java.package' name='javax.xml.xpath' version='0.0.0'/>
        <provided namespace='java.package' name='org.ietf.jgss' version='0.0.0'/>
        <provided namespace='java.package' name='org.omg.CORBA' version='0.0.0'/>
        <provided namespace='java.package' name='org.omg.CORBA_2_3' version='0.0.0'/>
        <provided namespace='java.package' name='org.omg.CORBA_2_3.portable' version='0.0.0'/>
        <provided namespace='java.package' name='org.omg.CORBA.DynAnyPackage' version='0.0.0'/>
        <provided namespace='java.package' name='org.omg.CORBA.ORBPackage' version='0.0.0'/>
        <provided namespace='java.package' name='org.omg.CORBA.portable' version='0.0.0'/>
        <provided namespace='java.package' name='org.omg.CORBA.TypeCodePackage' version='0.0.0'/>
        <provided namespace='java.package' name='org.omg.CosNaming' version='0.0.0'/>
        <provided namespace='java.package' name='org.omg.CosNaming.NamingContextExtPackage' version='0.0.0'/>
        <provided namespace='java.package' name='org.omg.CosNaming.NamingContextPackage' version='0.0.0'/>
        <provided namespace='java.package' name='org.omg.Dynamic' version='0.0.0'/>
        <provided namespace='java.package' name='org.omg.DynamicAny' version='0.0.0'/>
        <provided namespace='java.package' name='org.omg.DynamicAny.DynAnyFactoryPackage' version='0.0.0'/>
        <provided namespace='java.package' name='org.omg.DynamicAny.DynAnyPackage' version='0.0.0'/>
        <provided namespace='java.package' name='org.omg.IOP' version='0.0.0'/>
        <provided namespace='java.package' name='org.omg.IOP.CodecFactoryPackage' version='0.0.0'/>
        <provided namespace='java.package' name='org.omg.IOP.CodecPackage' version='0.0.0'/>
        <provided namespace='java.package' name='org.omg.Messaging' version='0.0.0'/>
        <provided namespace='java.package' name='org.omg.PortableInterceptor' version='0.0.0'/>
        <provided namespace='java.package' name='org.omg.PortableInterceptor.ORBInitInfoPackage' version='0.0.0'/>
        <provided namespace='java.package' name='org.omg.PortableServer' version='0.0.0'/>
        <provided namespace='java.package' name='org.omg.PortableServer.CurrentPackage' version='0.0.0'/>
        <provided namespace='java.package' name='org.omg.PortableServer.POAManagerPackage' version='0.0.0'/>
        <provided namespace='java.package' name='org.omg.PortableServer.POAPackage' version='0.0.0'/>
        <provided namespace='java.package' name='org.omg.PortableServer.portable' version='0.0.0'/>
        <provided namespace='java.package' name='org.omg.PortableServer.ServantLocatorPackage' version='0.0.0'/>
        <provided namespace='java.package' name='org.omg.SendingContext' version='0.0.0'/>
        <provided namespace='java.package' name='org.omg.stub.java.rmi' version='0.0.0'/>
        <provided namespace='java.package' name='org.w3c.dom' version='0.0.0'/>
        <provided namespace='java.package' name='org.w3c.dom.bootstrap' version='0.0.0'/>
        <provided namespace='java.package' name='org.w3c.dom.events' version='0.0.0'/>
        <provided namespace='java.package' name='org.w3c.dom.ls' version='0.0.0'/>
        <provided namespace='java.package' name='org.xml.sax' version='0.0.0'/>
        <provided namespace='java.package' name='org.xml.sax.ext' version='0.0.0'/>
        <provided namespace='java.package' name='org.xml.sax.helpers' version='0.0.0'/>
      </provides>
      <touchpoint id='org.eclipse.equinox.p2.native' version='1.0.0'/>
    </unit>
    <unit id='ch.wess.ezclipse.varbrowser' version='1.0.0'>
      <update id='ch.wess.ezclipse.varbrowser' range='[0.0.0,1.0.0)' severity='0'/>
      <properties size='4'>
        <property name='df_LT.Bundle-Vendor.0' value='Web Engineering Sahli &amp; Stalder'/>
        <property name='df_LT.Bundle-Name.0' value='eZ Variables Browser'/>
        <property name='org.eclipse.equinox.p2.name' value='%Bundle-Name.0'/>
        <property name='org.eclipse.equinox.p2.provider' value='%Bundle-Vendor.0'/>
      </properties>
      <provides size='4'>
        <provided namespace='org.eclipse.equinox.p2.iu' name='ch.wess.ezclipse.varbrowser' version='1.0.0'/>
        <provided namespace='osgi.bundle' name='ch.wess.ezclipse.varbrowser' version='1.0.0'/>
        <provided namespace='org.eclipse.equinox.p2.eclipse.type' name='bundle' version='1.0.0'/>
        <provided namespace='org.eclipse.equinox.p2.localization' name='df_LT' version='1.0.0'/>
      </provides>
      <requires size='7'>
        <required namespace='osgi.bundle' name='org.eclipse.ui' range='0.0.0'/>
        <required namespace='osgi.bundle' name='org.eclipse.core.runtime' range='0.0.0'/>
        <required namespace='osgi.bundle' name='ch.wess.ezclipse.core' range='1.0.0'/>
        <required namespace='osgi.bundle' name='ch.wess.ezclipse.communcation' range='1.0.0'/>
        <required namespace='osgi.bundle' name='org.eclipse.core.resources' range='3.4.2'/>
        <required namespace='osgi.bundle' name='org.eclipse.jface.text' range='3.4.2'/>
        <required namespace='java.package' name='org.apache.axis.encoding.ser' range='0.0.0'/>
      </requires>
      <artifacts size='1'>
        <artifact classifier='osgi.bundle' id='ch.wess.ezclipse.varbrowser' version='1.0.0'/>
      </artifacts>
      <touchpoint id='org.eclipse.equinox.p2.osgi' version='1.0.0'/>
      <touchpointData size='1'>
        <instructions size='1'>
          <instruction key='manifest'>
            Bundle-RequiredExecutionEnvironment: JavaSE-1.6&#xA;Bundle-Name: %Bundle-Name.0&#xA;Bundle-Activator: ch.wess.ezclipse.varbrowser.VarBrowserActivator&#xA;Manifest-Version: 1.0&#xA;Bundle-Vendor: %Bundle-Vendor.0&#xA;Bundle-ClassPath: .&#xA;Bundle-ActivationPolicy: lazy&#xA;Bundle-SymbolicName: ch.wess.ezclipse.varbrowser;singleton:=true&#xA;Import-Package: org.apache.axis.encoding.ser&#xA;Bundle-ManifestVersion: 2&#xA;Bundle-Version: 1.0.0&#xA;Bundle-Localization: plugin&#xA;Require-Bundle: org.eclipse.ui,org.eclipse.core.runtime,ch.wess.ezclipse.core;bundle-version=&quot;1.0.0&quot;,ch.wess.ezclipse.communcation;bundle-version=&quot;1.0.0&quot;,org.eclipse.core.resources;bundle-version=&quot;3.4.2&quot;,org.eclipse.jface.text;bundle-version=&quot;3.4.2&quot;&#xA;
          </instruction>
        </instructions>
      </touchpointData>
    </unit>
  </units>
</repository>
