<?xml version="1.0" encoding="utf-8"?>
<content-class xmlns:ezcontentclass-attri="http://ezpublish/contentclassattribute" is-container="false" always-available="false" sort-field="path" sort-order="1">
  <serialized-name-list>a:4:{s:16:"always-available";s:6:"ger-AT";s:6:"ger-AT";s:12:"Kunde (xrow)";s:6:"ger-DE";s:12:"Kunde (xrow)";s:6:"eng-GB";s:13:"Client (xrow)";}</serialized-name-list>
  <identifier>client</identifier>
  <remote-id>c6160bb4343c92e2ccea151a28051ab8</remote-id>
  <object-name-pattern>&lt;company_name&gt; &lt;last_name&gt; &lt;first_name&gt;</object-name-pattern>
  <url-alias-pattern></url-alias-pattern>
  <remote>
    <site-url>http://shop.web4.xrow.net/ger/</site-url>
    <url>http://shop.web4.xrow.net/ger/class/view/50</url>
    <groups>
      <group id="2" name="Users"/>
    </groups>
    <id>50</id>
    <created>1282057356</created>
    <modified>1282057356</modified>
    <creator>
      <user-id>14</user-id>
      <user-login>admin</user-login>
    </creator>
    <modifier>
      <user-id>14</user-id>
      <user-login>admin</user-login>
    </modifier>
  </remote>
  <ezcontentclass-attri:attributes xmlns:ezcontentclass-attribute="http://ezpublish/contentclassattribute">
    <attribute datatype="ezstring" required="false" searchable="true" information-collector="false" translatable="true">
      <remote>
        <id>358</id>
      </remote>
      <serialized-name-list>a:4:{s:16:"always-available";s:6:"ger-AT";s:6:"ger-AT";s:23:"Int. Steuernummer (UID)";s:6:"ger-DE";s:23:"Int. Steuernummer (UID)";s:6:"eng-GB";s:6:"Tax ID";}</serialized-name-list>
      <identifier>tax_id</identifier>
      <placement>1</placement>
      <datatype-parameters>
        <max-length>20</max-length>
        <default-string/>
      </datatype-parameters>
    </attribute>
    <attribute datatype="ezstring" required="false" searchable="true" information-collector="false" translatable="true">
      <remote>
        <id>359</id>
      </remote>
      <serialized-name-list>a:4:{s:16:"always-available";s:6:"ger-AT";s:6:"ger-AT";s:23:"Firmenzusatz (optional)";s:6:"ger-DE";s:12:"Firmenzusatz";s:6:"eng-GB";s:18:"Company Additional";}</serialized-name-list>
      <identifier>company_additional</identifier>
      <placement>2</placement>
      <datatype-parameters>
        <max-length>100</max-length>
        <default-string/>
      </datatype-parameters>
    </attribute>
    <attribute datatype="ezstring" required="false" searchable="true" information-collector="false" translatable="true">
      <remote>
        <id>360</id>
      </remote>
      <serialized-name-list>a:4:{s:16:"always-available";s:6:"ger-AT";s:6:"ger-AT";s:5:"Firma";s:6:"ger-DE";s:5:"Firma";s:6:"eng-GB";s:7:"Company";}</serialized-name-list>
      <identifier>company_name</identifier>
      <placement>3</placement>
      <datatype-parameters>
        <max-length>0</max-length>
        <default-string/>
      </datatype-parameters>
    </attribute>
    <attribute datatype="ezstring" required="true" searchable="true" information-collector="false" translatable="true">
      <remote>
        <id>361</id>
      </remote>
      <serialized-name-list>a:4:{s:16:"always-available";s:6:"ger-AT";s:6:"ger-AT";s:7:"Vorname";s:6:"ger-DE";s:7:"Vorname";s:6:"eng-GB";s:8:"Forename";}</serialized-name-list>
      <identifier>first_name</identifier>
      <placement>4</placement>
      <datatype-parameters>
        <max-length>255</max-length>
        <default-string/>
      </datatype-parameters>
    </attribute>
    <attribute datatype="ezstring" required="false" searchable="false" information-collector="false" translatable="true">
      <remote>
        <id>362</id>
      </remote>
      <serialized-name-list>a:2:{s:6:"eng-GB";s:2:"MI";s:16:"always-available";s:6:"eng-GB";}</serialized-name-list>
      <identifier>mi</identifier>
      <placement>5</placement>
      <datatype-parameters>
        <max-length>0</max-length>
        <default-string/>
      </datatype-parameters>
    </attribute>
    <attribute datatype="ezstring" required="true" searchable="true" information-collector="false" translatable="true">
      <remote>
        <id>363</id>
      </remote>
      <serialized-name-list>a:4:{s:16:"always-available";s:6:"ger-AT";s:6:"ger-AT";s:8:"Nachname";s:6:"ger-DE";s:8:"Nachname";s:6:"eng-GB";s:7:"Surname";}</serialized-name-list>
      <identifier>last_name</identifier>
      <placement>6</placement>
      <datatype-parameters>
        <max-length>255</max-length>
        <default-string/>
      </datatype-parameters>
    </attribute>
    <attribute datatype="ezuser" required="true" searchable="true" information-collector="false" translatable="true">
      <remote>
        <id>364</id>
      </remote>
      <serialized-name-list>a:4:{s:16:"always-available";s:6:"ger-AT";s:6:"ger-AT";s:13:"Benutzerkonto";s:6:"ger-DE";s:13:"Benutzerkonto";s:6:"eng-GB";s:12:"User Account";}</serialized-name-list>
      <identifier>user_account</identifier>
      <placement>7</placement>
      <datatype-parameters/>
    </attribute>
    <attribute datatype="ezstring" required="true" searchable="true" information-collector="false" translatable="true">
      <remote>
        <id>365</id>
      </remote>
      <serialized-name-list>a:4:{s:16:"always-available";s:6:"ger-AT";s:6:"ger-AT";s:7:"Straße";s:6:"ger-DE";s:7:"Straße";s:6:"eng-GB";s:9:"Address 1";}</serialized-name-list>
      <identifier>address1</identifier>
      <placement>8</placement>
      <datatype-parameters>
        <max-length>0</max-length>
        <default-string/>
      </datatype-parameters>
    </attribute>
    <attribute datatype="ezstring" required="false" searchable="true" information-collector="false" translatable="true">
      <remote>
        <id>366</id>
      </remote>
      <serialized-name-list>a:4:{s:16:"always-available";s:6:"ger-AT";s:6:"ger-AT";s:24:"Adresszusatz  (optional)";s:6:"ger-DE";s:12:"Adresszusatz";s:6:"eng-GB";s:9:"Address 2";}</serialized-name-list>
      <identifier>address2</identifier>
      <placement>9</placement>
      <datatype-parameters>
        <max-length>0</max-length>
        <default-string/>
      </datatype-parameters>
    </attribute>
    <attribute datatype="ezstring" required="true" searchable="true" information-collector="false" translatable="true">
      <remote>
        <id>367</id>
      </remote>
      <serialized-name-list>a:4:{s:16:"always-available";s:6:"ger-AT";s:6:"ger-AT";s:3:"PLZ";s:6:"ger-DE";s:3:"PLZ";s:6:"eng-GB";s:3:"ZIP";}</serialized-name-list>
      <identifier>zip_code</identifier>
      <placement>10</placement>
      <datatype-parameters>
        <max-length>0</max-length>
        <default-string/>
      </datatype-parameters>
    </attribute>
    <attribute datatype="ezstring" required="true" searchable="true" information-collector="false" translatable="true">
      <remote>
        <id>368</id>
      </remote>
      <serialized-name-list>a:4:{s:16:"always-available";s:6:"ger-AT";s:6:"ger-AT";s:3:"Ort";s:6:"ger-DE";s:3:"Ort";s:6:"eng-GB";s:16:"City or Location";}</serialized-name-list>
      <identifier>city</identifier>
      <placement>11</placement>
      <datatype-parameters>
        <max-length>0</max-length>
        <default-string/>
      </datatype-parameters>
    </attribute>
    <attribute datatype="ezstring" required="true" searchable="true" information-collector="false" translatable="true">
      <remote>
        <id>369</id>
      </remote>
      <serialized-name-list>a:4:{s:16:"always-available";s:6:"ger-AT";s:6:"ger-AT";s:7:"Telefon";s:6:"ger-DE";s:7:"Telefon";s:6:"eng-GB";s:5:"Phone";}</serialized-name-list>
      <identifier>phone</identifier>
      <placement>12</placement>
      <datatype-parameters>
        <max-length>0</max-length>
        <default-string/>
      </datatype-parameters>
    </attribute>
    <attribute datatype="ezstring" required="false" searchable="true" information-collector="false" translatable="true">
      <remote>
        <id>370</id>
      </remote>
      <serialized-name-list>a:4:{s:6:"ger-AT";s:3:"Fax";s:16:"always-available";s:6:"ger-AT";s:6:"ger-DE";s:0:"";s:6:"eng-GB";s:3:"Fax";}</serialized-name-list>
      <identifier>fax</identifier>
      <placement>13</placement>
      <datatype-parameters>
        <max-length>0</max-length>
        <default-string/>
      </datatype-parameters>
    </attribute>
    <attribute datatype="ezcountry" required="true" searchable="true" information-collector="false" translatable="false">
      <remote>
        <id>371</id>
      </remote>
      <serialized-name-list>a:4:{s:16:"always-available";s:6:"ger-AT";s:6:"ger-AT";s:4:"Land";s:6:"ger-DE";s:4:"Land";s:6:"eng-GB";s:7:"Country";}</serialized-name-list>
      <identifier>country</identifier>
      <placement>14</placement>
      <datatype-parameters/>
    </attribute>
    <attribute datatype="ezstring" required="false" searchable="true" information-collector="false" translatable="true">
      <remote>
        <id>372</id>
      </remote>
      <serialized-name-list>a:2:{s:6:"eng-GB";s:5:"State";s:16:"always-available";s:6:"eng-GB";}</serialized-name-list>
      <identifier>state</identifier>
      <placement>15</placement>
      <datatype-parameters>
        <max-length>0</max-length>
        <default-string/>
      </datatype-parameters>
    </attribute>
    <attribute datatype="ezboolean" required="false" searchable="true" information-collector="false" translatable="true">
      <remote>
        <id>373</id>
      </remote>
      <serialized-name-list>a:4:{s:16:"always-available";s:6:"ger-AT";s:6:"ger-AT";s:32:"Andere Lieferadresse? (optional)";s:6:"ger-DE";s:21:"Andere Lieferadresse?";s:6:"eng-GB";s:15:"Shippingaddress";}</serialized-name-list>
      <identifier>shippingaddress</identifier>
      <placement>16</placement>
      <datatype-parameters>
        <default-value is-set="false"/>
      </datatype-parameters>
    </attribute>
    <attribute datatype="ezstring" required="false" searchable="true" information-collector="false" translatable="true">
      <remote>
        <id>374</id>
      </remote>
      <serialized-name-list>a:4:{s:16:"always-available";s:6:"ger-AT";s:6:"ger-AT";s:5:"Firma";s:6:"ger-DE";s:5:"Firma";s:6:"eng-GB";s:7:"Company";}</serialized-name-list>
      <identifier>s_company_name</identifier>
      <placement>17</placement>
      <datatype-parameters>
        <max-length>0</max-length>
        <default-string/>
      </datatype-parameters>
    </attribute>
    <attribute datatype="ezstring" required="false" searchable="true" information-collector="false" translatable="true">
      <remote>
        <id>375</id>
      </remote>
      <serialized-name-list>a:4:{s:16:"always-available";s:6:"ger-AT";s:6:"ger-AT";s:12:"Firmenzusatz";s:6:"ger-DE";s:12:"Firmenzusatz";s:6:"eng-GB";s:18:"Company Additional";}</serialized-name-list>
      <identifier>s_company_additional</identifier>
      <placement>18</placement>
      <datatype-parameters>
        <max-length>0</max-length>
        <default-string/>
      </datatype-parameters>
    </attribute>
    <attribute datatype="ezstring" required="false" searchable="true" information-collector="false" translatable="true">
      <remote>
        <id>376</id>
      </remote>
      <serialized-name-list>a:4:{s:16:"always-available";s:6:"ger-AT";s:6:"ger-AT";s:7:"Vorname";s:6:"ger-DE";s:7:"Vorname";s:6:"eng-GB";s:8:"Forename";}</serialized-name-list>
      <identifier>s_first_name</identifier>
      <placement>19</placement>
      <datatype-parameters>
        <max-length>0</max-length>
        <default-string/>
      </datatype-parameters>
    </attribute>
    <attribute datatype="ezstring" required="false" searchable="true" information-collector="false" translatable="true">
      <remote>
        <id>377</id>
      </remote>
      <serialized-name-list>a:4:{s:16:"always-available";s:6:"ger-AT";s:6:"ger-AT";s:8:"Nachname";s:6:"ger-DE";s:8:"Nachname";s:6:"eng-GB";s:7:"Surname";}</serialized-name-list>
      <identifier>s_last_name</identifier>
      <placement>20</placement>
      <datatype-parameters>
        <max-length>0</max-length>
        <default-string/>
      </datatype-parameters>
    </attribute>
    <attribute datatype="ezstring" required="false" searchable="true" information-collector="false" translatable="true">
      <remote>
        <id>378</id>
      </remote>
      <serialized-name-list>a:4:{s:16:"always-available";s:6:"ger-AT";s:6:"ger-AT";s:7:"Straße";s:6:"ger-DE";s:7:"Straße";s:6:"eng-GB";s:9:"Address 1";}</serialized-name-list>
      <identifier>s_address1</identifier>
      <placement>21</placement>
      <datatype-parameters>
        <max-length>0</max-length>
        <default-string/>
      </datatype-parameters>
    </attribute>
    <attribute datatype="ezstring" required="false" searchable="true" information-collector="false" translatable="true">
      <remote>
        <id>379</id>
      </remote>
      <serialized-name-list>a:4:{s:16:"always-available";s:6:"ger-AT";s:6:"ger-AT";s:24:"Adresszusatz  (optional)";s:6:"ger-DE";s:12:"Adresszusatz";s:6:"eng-GB";s:9:"Address 2";}</serialized-name-list>
      <identifier>s_address2</identifier>
      <placement>22</placement>
      <datatype-parameters>
        <max-length>0</max-length>
        <default-string/>
      </datatype-parameters>
    </attribute>
    <attribute datatype="ezstring" required="false" searchable="true" information-collector="false" translatable="true">
      <remote>
        <id>380</id>
      </remote>
      <serialized-name-list>a:4:{s:16:"always-available";s:6:"ger-AT";s:6:"ger-AT";s:3:"PLZ";s:6:"ger-DE";s:3:"PLZ";s:6:"eng-GB";s:3:"ZIP";}</serialized-name-list>
      <identifier>s_zip_code</identifier>
      <placement>23</placement>
      <datatype-parameters>
        <max-length>0</max-length>
        <default-string/>
      </datatype-parameters>
    </attribute>
    <attribute datatype="ezstring" required="false" searchable="true" information-collector="false" translatable="true">
      <remote>
        <id>381</id>
      </remote>
      <serialized-name-list>a:4:{s:16:"always-available";s:6:"ger-AT";s:6:"ger-AT";s:3:"Ort";s:6:"ger-DE";s:3:"Ort";s:6:"eng-GB";s:16:"City or Location";}</serialized-name-list>
      <identifier>s_city</identifier>
      <placement>24</placement>
      <datatype-parameters>
        <max-length>0</max-length>
        <default-string/>
      </datatype-parameters>
    </attribute>
    <attribute datatype="ezstring" required="false" searchable="true" information-collector="false" translatable="true">
      <remote>
        <id>382</id>
      </remote>
      <serialized-name-list>a:4:{s:16:"always-available";s:6:"ger-AT";s:6:"ger-AT";s:7:"Telefon";s:6:"ger-DE";s:7:"Telefon";s:6:"eng-GB";s:5:"Phone";}</serialized-name-list>
      <identifier>s_phone</identifier>
      <placement>25</placement>
      <datatype-parameters>
        <max-length>0</max-length>
        <default-string/>
      </datatype-parameters>
    </attribute>
    <attribute datatype="ezstring" required="false" searchable="true" information-collector="false" translatable="true">
      <remote>
        <id>383</id>
      </remote>
      <serialized-name-list>a:4:{s:6:"ger-AT";s:3:"Fax";s:16:"always-available";s:6:"ger-AT";s:6:"ger-DE";s:0:"";s:6:"eng-GB";s:3:"Fax";}</serialized-name-list>
      <identifier>s_fax</identifier>
      <placement>26</placement>
      <datatype-parameters>
        <max-length>0</max-length>
        <default-string/>
      </datatype-parameters>
    </attribute>
    <attribute datatype="ezemail" required="false" searchable="true" information-collector="false" translatable="true">
      <remote>
        <id>384</id>
      </remote>
      <serialized-name-list>a:4:{s:16:"always-available";s:6:"ger-AT";s:6:"ger-AT";s:6:"E-Mail";s:6:"ger-DE";s:6:"E-Mail";s:6:"eng-GB";s:5:"Email";}</serialized-name-list>
      <identifier>s_email</identifier>
      <placement>27</placement>
      <datatype-parameters/>
    </attribute>
    <attribute datatype="ezcountry" required="false" searchable="false" information-collector="false" translatable="true">
      <remote>
        <id>385</id>
      </remote>
      <serialized-name-list>a:4:{s:16:"always-available";s:6:"ger-AT";s:6:"ger-AT";s:5:"Staat";s:6:"ger-DE";s:5:"Staat";s:6:"eng-GB";s:7:"Country";}</serialized-name-list>
      <identifier>s_country</identifier>
      <placement>28</placement>
      <datatype-parameters/>
    </attribute>
    <attribute datatype="ezboolean" required="false" searchable="true" information-collector="false" translatable="true">
      <remote>
        <id>386</id>
      </remote>
      <serialized-name-list>a:4:{s:6:"ger-AT";s:50:"Newsletter abonnieren (erscheint ca. 4 x pro Jahr)";s:16:"always-available";s:6:"ger-AT";s:6:"ger-DE";s:0:"";s:6:"eng-GB";s:10:"Newsletter";}</serialized-name-list>
      <identifier>newsletter</identifier>
      <placement>29</placement>
      <datatype-parameters>
        <default-value is-set="true"/>
      </datatype-parameters>
    </attribute>
    <attribute datatype="ezcreditcard" required="false" searchable="false" information-collector="false" translatable="true">
      <remote>
        <id>387</id>
      </remote>
      <serialized-name-list>a:2:{s:6:"eng-GB";s:19:"Payment Information";s:16:"always-available";s:6:"eng-GB";}</serialized-name-list>
      <identifier>creditcard</identifier>
      <placement>30</placement>
      <datatype-parameters/>
    </attribute>
  </ezcontentclass-attri:attributes>
</content-class>
