<?xml version="1.0" encoding="utf-8"?>
<content-class xmlns:ezcontentclass-attri="http://ezpublish/contentclassattribute" is-container="true" always-available="false" sort-field="path" sort-order="1">
  <serialized-name-list>a:2:{s:6:"eng-GB";s:16:"Product ( xrow )";s:16:"always-available";s:6:"eng-GB";}</serialized-name-list>
  <identifier>xrow_product</identifier>
  <remote-id>5ae2c8c21f26c3cda7a88477d12708a2</remote-id>
  <object-name-pattern>&lt;name&gt;</object-name-pattern>
  <url-alias-pattern>&lt;name&gt; &lt;product_id&gt; &lt;tags&gt; </url-alias-pattern>
  <remote>
    <site-url>http://shop.web4.xrow.net/ger/</site-url>
    <url>http://shop.web4.xrow.net/ger/class/view/47</url>
    <groups>
      <group id="1" name="Content"/>
    </groups>
    <id>47</id>
    <created>1282057356</created>
    <modified>1282057356</modified>
    <creator>
      <user-id>14</user-id>
      <user-login>admin</user-login>
    </creator>
    <modifier>
      <user-id>14</user-id>
      <user-login>admin</user-login>
    </modifier>
  </remote>
  <ezcontentclass-attri:attributes xmlns:ezcontentclass-attribute="http://ezpublish/contentclassattribute">
    <attribute datatype="ezstring" required="false" searchable="true" information-collector="false" translatable="true">
      <remote>
        <id>336</id>
      </remote>
      <serialized-name-list>a:2:{s:6:"eng-GB";s:4:"Name";s:16:"always-available";s:6:"eng-GB";}</serialized-name-list>
      <identifier>name</identifier>
      <placement>1</placement>
      <datatype-parameters>
        <max-length>0</max-length>
        <default-string/>
      </datatype-parameters>
    </attribute>
    <attribute datatype="ezstring" required="false" searchable="true" information-collector="false" translatable="true">
      <remote>
        <id>337</id>
      </remote>
      <serialized-name-list>a:2:{s:6:"eng-GB";s:10:"Product ID";s:16:"always-available";s:6:"eng-GB";}</serialized-name-list>
      <identifier>product_id</identifier>
      <placement>2</placement>
      <datatype-parameters>
        <max-length>0</max-length>
        <default-string/>
      </datatype-parameters>
    </attribute>
    <attribute datatype="ezstring" required="false" searchable="true" information-collector="false" translatable="true">
      <remote>
        <id>338</id>
      </remote>
      <serialized-name-list>a:2:{s:6:"eng-GB";s:19:"Internal Product ID";s:16:"always-available";s:6:"eng-GB";}</serialized-name-list>
      <identifier>remote_id</identifier>
      <placement>3</placement>
      <datatype-parameters>
        <max-length>0</max-length>
        <default-string/>
      </datatype-parameters>
    </attribute>
    <attribute datatype="ezobjectrelation" required="false" searchable="true" information-collector="false" translatable="true">
      <remote>
        <id>339</id>
      </remote>
      <serialized-name-list>a:2:{s:6:"eng-GB";s:12:"Manufacturer";s:16:"always-available";s:6:"eng-GB";}</serialized-name-list>
      <identifier>manufacturer</identifier>
      <placement>4</placement>
      <datatype-parameters>
        <selection-type id="1"/>
        <fuzzy-match id="0"/>
        <default-selection node-id="68"/>
      </datatype-parameters>
    </attribute>
    <attribute datatype="ezxmltext" required="false" searchable="true" information-collector="false" translatable="true">
      <remote>
        <id>340</id>
      </remote>
      <serialized-name-list>a:2:{s:6:"eng-GB";s:17:"Short description";s:16:"always-available";s:6:"eng-GB";}</serialized-name-list>
      <identifier>short_description</identifier>
      <placement>5</placement>
      <datatype-parameters>
        <text-column-count>5</text-column-count>
      </datatype-parameters>
    </attribute>
    <attribute datatype="ezxmltext" required="false" searchable="true" information-collector="false" translatable="true">
      <remote>
        <id>341</id>
      </remote>
      <serialized-name-list>a:2:{s:6:"eng-GB";s:11:"Description";s:16:"always-available";s:6:"eng-GB";}</serialized-name-list>
      <identifier>description</identifier>
      <placement>6</placement>
      <datatype-parameters>
        <text-column-count>10</text-column-count>
      </datatype-parameters>
    </attribute>
    <attribute datatype="ezimage" required="false" searchable="false" information-collector="false" translatable="true">
      <remote>
        <id>342</id>
      </remote>
      <serialized-name-list>a:2:{s:6:"eng-GB";s:5:"Image";s:16:"always-available";s:6:"eng-GB";}</serialized-name-list>
      <identifier>image</identifier>
      <placement>7</placement>
      <datatype-parameters>
        <max-size unit-size="mega">0</max-size>
      </datatype-parameters>
    </attribute>
    <attribute datatype="ezxmltext" required="false" searchable="true" information-collector="false" translatable="true">
      <remote>
        <id>343</id>
      </remote>
      <serialized-name-list>a:2:{s:6:"eng-GB";s:15:"Caption (Image)";s:16:"always-available";s:6:"eng-GB";}</serialized-name-list>
      <identifier>caption</identifier>
      <placement>8</placement>
      <datatype-parameters>
        <text-column-count>5</text-column-count>
      </datatype-parameters>
    </attribute>
    <attribute datatype="ezkeyword" required="false" searchable="true" information-collector="false" translatable="true">
      <remote>
        <id>344</id>
      </remote>
      <serialized-name-list>a:2:{s:6:"eng-GB";s:4:"Tags";s:16:"always-available";s:6:"eng-GB";}</serialized-name-list>
      <identifier>tags</identifier>
      <placement>9</placement>
      <datatype-parameters/>
    </attribute>
    <attribute datatype="ezmultiprice" required="true" searchable="false" information-collector="false" translatable="true">
      <remote>
        <id>345</id>
      </remote>
      <serialized-name-list>a:2:{s:6:"eng-GB";s:5:"Price";s:16:"always-available";s:6:"eng-GB";}</serialized-name-list>
      <identifier>price</identifier>
      <placement>10</placement>
      <datatype-parameters>
        <vat-included is-set="false"/>
        <vat-type name="xrow E-Commerce Dynamic Tax" percentage="0"/>
        <default-currency code="EUR"/>
      </datatype-parameters>
    </attribute>
    <attribute datatype="ezoption2" required="false" searchable="false" information-collector="false" translatable="true">
      <remote>
        <id>346</id>
      </remote>
      <serialized-name-list>a:2:{s:6:"eng-GB";s:7:"Options";s:16:"always-available";s:6:"eng-GB";}</serialized-name-list>
      <identifier>options</identifier>
      <placement>11</placement>
      <datatype-parameters/>
    </attribute>
    <attribute datatype="ezfloat" required="true" searchable="false" information-collector="false" translatable="true">
      <remote>
        <id>347</id>
      </remote>
      <serialized-name-list>a:2:{s:6:"eng-GB";s:6:"Weight";s:16:"always-available";s:6:"eng-GB";}</serialized-name-list>
      <identifier>weight</identifier>
      <placement>12</placement>
      <datatype-parameters>
        <default-value>0</default-value>
      </datatype-parameters>
    </attribute>
    <attribute datatype="ezboolean" required="false" searchable="true" information-collector="false" translatable="true">
      <remote>
        <id>348</id>
      </remote>
      <serialized-name-list>a:2:{s:6:"eng-GB";s:12:"Freight Item";s:16:"always-available";s:6:"eng-GB";}</serialized-name-list>
      <identifier>freight_item</identifier>
      <placement>13</placement>
      <datatype-parameters>
        <default-value is-set="false"/>
      </datatype-parameters>
    </attribute>
    <attribute datatype="ezboolean" required="false" searchable="true" information-collector="false" translatable="true">
      <remote>
        <id>349</id>
      </remote>
      <serialized-name-list>a:2:{s:6:"eng-GB";s:26:"Free Shipping and Handling";s:16:"always-available";s:6:"eng-GB";}</serialized-name-list>
      <identifier>free_shipping_item</identifier>
      <placement>14</placement>
      <datatype-parameters>
        <default-value is-set="false"/>
      </datatype-parameters>
    </attribute>
    <attribute datatype="ezboolean" required="false" searchable="true" information-collector="false" translatable="true">
      <remote>
        <id>350</id>
      </remote>
      <serialized-name-list>a:2:{s:6:"eng-GB";s:9:"Hazardous";s:16:"always-available";s:6:"eng-GB";}</serialized-name-list>
      <identifier>hazardous</identifier>
      <placement>15</placement>
      <datatype-parameters>
        <default-value is-set="false"/>
      </datatype-parameters>
    </attribute>
    <attribute datatype="ezboolean" required="false" searchable="true" information-collector="false" translatable="true">
      <remote>
        <id>351</id>
      </remote>
      <serialized-name-list>a:2:{s:6:"eng-GB";s:31:"Not available for auto delivery";s:16:"always-available";s:6:"eng-GB";}</serialized-name-list>
      <identifier>no_auto_delivery</identifier>
      <placement>16</placement>
      <datatype-parameters>
        <default-value is-set="false"/>
      </datatype-parameters>
    </attribute>
  </ezcontentclass-attri:attributes>
</content-class>
