<?xml version="1.0" encoding="utf-8"?>
<content-class xmlns:ezcontentclass-attri="http://ezpublish/contentclassattribute" is-container="false" always-available="true" sort-field="path" sort-order="1">
  <serialized-name-list>a:2:{s:6:"ger-DE";s:16:"Package ( xrow )";s:16:"always-available";s:6:"ger-DE";}</serialized-name-list>
  <identifier>xrow_package</identifier>
  <remote-id>084d2ef798b924ad2055382ba7a0a04f</remote-id>
  <object-name-pattern>&lt;name&gt;</object-name-pattern>
  <url-alias-pattern></url-alias-pattern>
  <remote>
    <site-url>http://shop.web4.xrow.net/ger/</site-url>
    <url>http://shop.web4.xrow.net/ger/class/view/51</url>
    <groups>
      <group id="1" name="Content"/>
    </groups>
    <id>51</id>
    <created>1282059672</created>
    <modified>1282059920</modified>
    <creator>
      <user-id>14</user-id>
      <user-login>admin</user-login>
    </creator>
    <modifier>
      <user-id>14</user-id>
      <user-login>admin</user-login>
    </modifier>
  </remote>
  <ezcontentclass-attri:attributes xmlns:ezcontentclass-attribute="http://ezpublish/contentclassattribute">
    <attribute datatype="ezstring" required="true" searchable="true" information-collector="false" translatable="true">
      <remote>
        <id>404</id>
      </remote>
      <serialized-name-list>a:2:{s:6:"ger-DE";s:4:"Name";s:16:"always-available";s:6:"ger-DE";}</serialized-name-list>
      <identifier>name</identifier>
      <placement>1</placement>
      <datatype-parameters>
        <max-length>0</max-length>
        <default-string/>
      </datatype-parameters>
    </attribute>
    <attribute datatype="ezfloat" required="true" searchable="false" information-collector="false" translatable="true">
      <remote>
        <id>401</id>
      </remote>
      <serialized-name-list>a:2:{s:6:"ger-DE";s:6:"Length";s:16:"always-available";s:6:"ger-DE";}</serialized-name-list>
      <identifier>length</identifier>
      <placement>2</placement>
      <datatype-parameters>
        <default-value>0</default-value>
      </datatype-parameters>
    </attribute>
    <attribute datatype="ezfloat" required="true" searchable="false" information-collector="false" translatable="true">
      <remote>
        <id>402</id>
      </remote>
      <serialized-name-list>a:2:{s:6:"ger-DE";s:5:"Width";s:16:"always-available";s:6:"ger-DE";}</serialized-name-list>
      <identifier>width</identifier>
      <placement>3</placement>
      <datatype-parameters>
        <default-value>0</default-value>
      </datatype-parameters>
    </attribute>
    <attribute datatype="ezfloat" required="true" searchable="false" information-collector="false" translatable="true">
      <remote>
        <id>403</id>
      </remote>
      <serialized-name-list>a:2:{s:6:"ger-DE";s:6:"Height";s:16:"always-available";s:6:"ger-DE";}</serialized-name-list>
      <identifier>height</identifier>
      <placement>4</placement>
      <datatype-parameters>
        <default-value>0</default-value>
      </datatype-parameters>
    </attribute>
  </ezcontentclass-attri:attributes>
</content-class>
