<?xml version="1.0" encoding="utf-8"?>
<content-class xmlns:ezcontentclass-attri="http://ezpublish/contentclassattribute" is-container="true" always-available="true" sort-field="path" sort-order="1">
  <serialized-name-list>a:2:{s:6:"eng-GB";s:25:"Product Category ( xrow )";s:16:"always-available";s:6:"eng-GB";}</serialized-name-list>
  <identifier>xrow_product_category</identifier>
  <remote-id>e1ea77c9a23d3f2e5738d186cc6e682d</remote-id>
  <object-name-pattern>&lt;name&gt;</object-name-pattern>
  <url-alias-pattern>&lt;name&gt;</url-alias-pattern>
  <remote>
    <site-url>http://shop.web4.xrow.net/ger/</site-url>
    <url>http://shop.web4.xrow.net/ger/class/view/45</url>
    <groups>
      <group id="1" name="Content"/>
    </groups>
    <id>45</id>
    <created>1282057356</created>
    <modified>1282057356</modified>
    <creator>
      <user-id>14</user-id>
      <user-login>admin</user-login>
    </creator>
    <modifier>
      <user-id>14</user-id>
      <user-login>admin</user-login>
    </modifier>
  </remote>
  <ezcontentclass-attri:attributes xmlns:ezcontentclass-attribute="http://ezpublish/contentclassattribute">
    <attribute datatype="ezstring" required="true" searchable="true" information-collector="false" translatable="true">
      <remote>
        <id>329</id>
      </remote>
      <serialized-name-list>a:2:{s:6:"eng-GB";s:4:"Name";s:16:"always-available";s:6:"eng-GB";}</serialized-name-list>
      <identifier>name</identifier>
      <placement>1</placement>
      <datatype-parameters>
        <max-length>0</max-length>
        <default-string/>
      </datatype-parameters>
    </attribute>
    <attribute datatype="ezxmltext" required="false" searchable="true" information-collector="false" translatable="true">
      <remote>
        <id>330</id>
      </remote>
      <serialized-name-list>a:2:{s:6:"eng-GB";s:11:"Description";s:16:"always-available";s:6:"eng-GB";}</serialized-name-list>
      <identifier>description</identifier>
      <placement>2</placement>
      <datatype-parameters>
        <text-column-count>10</text-column-count>
      </datatype-parameters>
    </attribute>
    <attribute datatype="ezimage" required="false" searchable="false" information-collector="false" translatable="true">
      <remote>
        <id>331</id>
      </remote>
      <serialized-name-list>a:2:{s:6:"eng-GB";s:5:"Image";s:16:"always-available";s:6:"eng-GB";}</serialized-name-list>
      <identifier>image</identifier>
      <placement>3</placement>
      <datatype-parameters>
        <max-size unit-size="mega">0</max-size>
      </datatype-parameters>
    </attribute>
  </ezcontentclass-attri:attributes>
</content-class>
