<?xml version="1.0" encoding="utf-8"?>
<content-class xmlns:ezcontentclass-attri="http://ezpublish/contentclassattribute" is-container="false" always-available="true" sort-field="path" sort-order="1">
  <serialized-name-list>a:2:{s:6:"eng-GB";s:15:"Coupon ( xrow )";s:16:"always-available";s:6:"eng-GB";}</serialized-name-list>
  <identifier>coupon</identifier>
  <remote-id>f51836e0ef8131bbbbfde7cc3030267c</remote-id>
  <object-name-pattern>&lt;name&gt;</object-name-pattern>
  <url-alias-pattern>&lt;name&gt;</url-alias-pattern>
  <remote>
    <site-url>http://shop.example.com/index.php/eng/</site-url>
    <url>http://shop.example.com/index.php/eng/class/view/45</url>
    <groups>
      <group id="1" name="Content"/>
    </groups>
    <id>45</id>
    <created>1253893639</created>
    <modified>1264607597</modified>
    <creator>
      <user-id>14</user-id>
      <user-login>admin</user-login>
    </creator>
    <modifier>
      <user-id>14</user-id>
      <user-login>admin</user-login>
    </modifier>
  </remote>
  <ezcontentclass-attri:attributes xmlns:ezcontentclass-attribute="http://ezpublish/contentclassattribute">
    <attribute datatype="ezstring" required="true" searchable="true" information-collector="false" translatable="true">
      <remote>
        <id>342</id>
      </remote>
      <serialized-name-list>a:2:{s:6:"eng-GB";s:4:"Name";s:16:"always-available";s:6:"eng-GB";}</serialized-name-list>
      <identifier>name</identifier>
      <placement>1</placement>
      <datatype-parameters>
        <max-length>0</max-length>
        <default-string>Coupon</default-string>
      </datatype-parameters>
    </attribute>
    <attribute datatype="ezxmltext" required="false" searchable="true" information-collector="false" translatable="true">
      <remote>
        <id>344</id>
      </remote>
      <serialized-name-list>a:2:{s:6:"eng-GB";s:11:"Description";s:16:"always-available";s:6:"eng-GB";}</serialized-name-list>
      <identifier>description</identifier>
      <placement>2</placement>
      <datatype-parameters>
        <text-column-count>10</text-column-count>
      </datatype-parameters>
    </attribute>
    <attribute datatype="ezcoupon" required="true" searchable="true" information-collector="false" translatable="true">
      <remote>
        <id>343</id>
      </remote>
      <serialized-name-list>a:2:{s:6:"eng-GB";s:6:"Coupon";s:16:"always-available";s:6:"eng-GB";}</serialized-name-list>
      <identifier>coupon</identifier>
      <placement>3</placement>
      <datatype-parameters/>
    </attribute>
  </ezcontentclass-attri:attributes>
</content-class>
