<?xml version="1.0" encoding="utf-8"?>
<content-class xmlns:ezcontentclass-attri="http://ezpublish/contentclassattribute" is-container="false" always-available="true" sort-field="path" sort-order="1">
  <serialized-name-list>a:2:{s:6:"eng-GB";s:23:"Product Review ( xrow )";s:16:"always-available";s:6:"eng-GB";}</serialized-name-list>
  <identifier>xrow_product_review</identifier>
  <remote-id>3f2919e4797fbaffaa0c7ff8f8248d07</remote-id>
  <object-name-pattern>&lt;name&gt;</object-name-pattern>
  <url-alias-pattern>&lt;name&gt;</url-alias-pattern>
  <remote>
    <site-url>http://shop.example.com/index.php/eng/</site-url>
    <url>http://shop.example.com/index.php/eng/class/view/50</url>
    <groups>
      <group id="1" name="Content"/>
    </groups>
    <id>50</id>
    <created>1254139293</created>
    <modified>1264607701</modified>
    <creator>
      <user-id>14</user-id>
      <user-login>admin</user-login>
    </creator>
    <modifier>
      <user-id>14</user-id>
      <user-login>admin</user-login>
    </modifier>
  </remote>
  <ezcontentclass-attri:attributes xmlns:ezcontentclass-attribute="http://ezpublish/contentclassattribute">
    <attribute datatype="ezstring" required="true" searchable="true" information-collector="false" translatable="true">
      <remote>
        <id>401</id>
      </remote>
      <serialized-name-list>a:2:{s:6:"eng-GB";s:4:"Name";s:16:"always-available";s:6:"eng-GB";}</serialized-name-list>
      <identifier>author</identifier>
      <placement>1</placement>
      <datatype-parameters>
        <max-length>30</max-length>
        <default-string/>
      </datatype-parameters>
    </attribute>
    <attribute datatype="ezstring" required="true" searchable="true" information-collector="false" translatable="true">
      <remote>
        <id>397</id>
      </remote>
      <serialized-name-list>a:2:{s:6:"eng-GB";s:5:"Title";s:16:"always-available";s:6:"eng-GB";}</serialized-name-list>
      <identifier>name</identifier>
      <placement>2</placement>
      <datatype-parameters>
        <max-length>100</max-length>
        <default-string/>
      </datatype-parameters>
    </attribute>
    <attribute datatype="eztext" required="true" searchable="true" information-collector="false" translatable="true">
      <remote>
        <id>400</id>
      </remote>
      <serialized-name-list>a:2:{s:6:"eng-GB";s:6:"Review";s:16:"always-available";s:6:"eng-GB";}</serialized-name-list>
      <identifier>review</identifier>
      <placement>3</placement>
      <datatype-parameters>
        <text-column-count>10</text-column-count>
      </datatype-parameters>
    </attribute>
    <attribute datatype="ezsrrating" required="false" searchable="true" information-collector="false" translatable="true" unsupported="true">
      <remote>
        <id>399</id>
      </remote>
      <serialized-name-list>a:2:{s:6:"eng-GB";s:6:"rating";s:16:"always-available";s:6:"eng-GB";}</serialized-name-list>
      <identifier>rating</identifier>
      <placement>4</placement>
      <datatype-parameters/>
    </attribute>
  </ezcontentclass-attri:attributes>
</content-class>
