<?xml version="1.0" encoding="utf-8" ?>
<software>
    <metadata>
        <name>eZ Image Editor</name>
        <version>//autogentag//</version>
        <copyright>Copyright (C) 1999-2010 eZ Systems AS</copyright>
        <license>//EZP_LICENSE//</license>
        <info_url>http://projects.ez.no/epie</info_url>

        <software>
            <uses>
                <name>jQuery</name>
                <license>GNU General Public License v2.0</license>
                <copyright>Copyright (c) 2009, jQuery Team. All rights reserved.</copyright>
                <version>1.3.2</version>
            </uses>
            <uses>
                <name>jQuery UI</name>
                <license>GNU General Public License v2.0</license>
                <copyright>Copyright (c) 2009, PAUL BAKAUS AND THE JQUERY UI TEAM. All rights reserved.</copyright>
                <version>1.7.2</version>
            </uses>
            <uses>
                <name>Jcrop</name>
                <license>MIT License</license>
                <copyright>Copyright (c) 2008-2009 Deep Liquid Group. All rights reserved.</copyright>
                <version>0.9.8</version>
            </uses>
        </software>

    </metadata>

    <dependencies>
        <requires>
            <extension name="ezjscore" />
        </requires>
    </dependencies>

</software>