<?xml version="1.0" encoding="UTF-8"?>
<all>
	<entry type="image" id="1">
		<field name="name">1</field>
		<field name="tags">simpsons</field>
		<field name="image">images/1.jpg</field>
	</entry>

	<entry type="image" id="2">
		<field name="name">2</field>
		<field name="tags">simpsons</field>
		<field name="image">images/2.jpg</field>
	</entry>

	<entry type="image" id="3">
		<field name="name">3</field>
		<field name="tags">simpsons</field>
		<field name="image">images/3.jpg</field>
	</entry>

	<entry type="image" id="4">
		<field name="name">4</field>
		<field name="tags">simpsons</field>
		<field name="image">images/4.gif</field>
	</entry>
</all>
