<?xml version="1.0" encoding="UTF-8"?>
<!DOCTYPE package PUBLIC "ezpackage" "ezpackage.dtd">
<package version="3.9.2" development="false" is_active="true" install_type="import">
  <name>ezwebin_site</name>
  <summary>Website Interface</summary>
  <description>Website Interface is a web based CMS solution based on eZ Publish. It contains templates and settings that meets the most common requirements for content management systems.</description>
  <vendor>eZ systems</vendor>
  <type value="site"/>
  <ezpublish>
	<version>3.9.2</version>
	<named-version>3.9</named-version>
  </ezpublish>
  <maintainers>
	<maintainer>
	  <name>Administrator User</name>
	  <email>nospam@ez.no</email>
	  <role>lead</role>
	</maintainer>
  </maintainers>
  <packaging>
	<timestamp>1153313252</timestamp>
	<host>packages.ez.no</host>
  </packaging>
  <documents>
	<document mime-type="text/plain" name="LICENCE"/>
  </documents>
  <changelog>
	<entry person="Administrator User" email="nospam@ez.no" release="1">
	  <change>Creation of package.</change>
	</entry>
  </changelog>
  <simple-files/>
  <files>
    <collection name="default">
      <file-list type="thumbnail" variable-name="thumbnail">
        <file name="thumbnail.png" md5sum="d0a098ad93432761ff270ea553e549d4"/>
      </file-list>
      <file-list type="image" variable-name="image">
        <file name="logo.png" md5sum="ec4c8c048e629f3f6aa320cb7817ffc7"/>
      </file-list>
     </collection>
  </files>
  <version>
	<number>1.2</number>
	<release>0</release>
  </version>
  <licence>GPL</licence>
  <state>stable</state>
  <dependencies>
	<provides/>
    <requires>
	  <require type="ezpackage" name="ezwebin_classes" min-version="1.2"/>
	  <require type="ezpackage" name="ezwebin_extension" min-version="1.2"/>
	  <require type="ezpackage" name="ezwebin_banners" min-version="1.2"/>
	  <require type="ezpackage" name="ezwebin_democontent" min-version="1.2"/>
	  <require type="ezpackage" name="ezwebin_design" min-version="1.2"/>
	</requires>
	<obsoletes/>
	<conflicts/>
  </dependencies>
  <settings>
    <settings-file filename="ini-site.php"/>
    <settings-file filename="ini-admin.php"/>
    <settings-file filename="ini-common.php"/>
    <settings-file filename="ezwebininstaller.php"/>
    <settings-file filename="data-file.php"/>
    <settings-file filename="content-tools.php"/>
    <settings-file filename="install-scripts.php"/>
    <settings-file filename="roles.php"/>
    <settings-file filename="preferences.php"/>
	<settings-file filename="addobjectattributes.php"/>
	<settings-file filename="siteaccess-tools.php"/>
  </settings>
  <install/>
  <uninstall/>
</package>